{"cameraMode":{"drawMode":0,"name":"Shaded","section":"Shading Mode"},"sceneLighting":false,"audioPlay":false,"sceneViewState":{"m_AlwaysRefresh":false,"showFog":true,"showSkybox":false,"showFlares":true,"showImageEffects":true,"showParticleSystems":true,"showVisualEffectGraphs":true,"m_FxEnabled":true},"in2DMode":false,"pivot":{"x":6.2342848777771,"y":0.4000002145767212,"z":5.428912162780762},"rotation":{"x":0.000003182091631970252,"y":0.93374103307724,"z":-0.000010762246347439941,"w":0.3581819534301758},"size":1.5290799140930176,"orthographic":false}