{"cameraMode":{"drawMode":0,"name":"Shaded","section":"Shading Mode"},"sceneLighting":true,"audioPlay":false,"sceneViewState":{"m_AlwaysRefresh":false,"showFog":true,"showSkybox":true,"showFlares":true,"showImageEffects":true,"showParticleSystems":true,"showVisualEffectGraphs":true,"m_FxEnabled":true},"in2DMode":false,"pivot":{"x":322.8185729980469,"y":248.9556884765625,"z":-82.93128967285156},"rotation":{"x":-0.01946789212524891,"y":0.04797711595892906,"z":0.0009042699821293354,"w":0.9987351894378662},"size":110.07660675048828,"orthographic":false}