{"cameraMode":{"drawMode":0,"name":"Shaded","section":"Shading Mode"},"sceneLighting":true,"audioPlay":false,"sceneViewState":{"m_AlwaysRefresh":false,"showFog":true,"showSkybox":true,"showFlares":true,"showImageEffects":true,"showParticleSystems":true,"showVisualEffectGraphs":true,"m_FxEnabled":true},"in2DMode":false,"pivot":{"x":-0.03227110207080841,"y":4.989747524261475,"z":-0.008413448929786682},"rotation":{"x":0.0988515242934227,"y":0.004469731822609901,"z":-0.0003692673344630748,"w":0.9951291680335999},"size":23.943517684936525,"orthographic":false}