{"cameraMode":{"drawMode":0,"name":"Shaded","section":"Shading Mode"},"sceneLighting":false,"audioPlay":false,"sceneViewState":{"m_AlwaysRefresh":false,"showFog":true,"showSkybox":false,"showFlares":true,"showImageEffects":true,"showParticleSystems":true,"showVisualEffectGraphs":true,"m_FxEnabled":true},"in2DMode":false,"pivot":{"x":7.298780918121338,"y":0.7121840715408325,"z":1.8225476741790772},"rotation":{"x":0.000003182091631970252,"y":0.93374103307724,"z":-0.000010762246347439941,"w":0.3581819534301758},"size":0.8263892531394959,"orthographic":false}